-- phpMyAdmin SQL Dump
-- version 4.7.4
-- https://www.phpmyadmin.net/
--
-- Host: 127.0.0.1:3306
-- Generation Time: Oct 04, 2017 at 12:16 PM
-- Server version: 5.7.19
-- PHP Version: 7.1.9

SET SQL_MODE = "NO_AUTO_VALUE_ON_ZERO";
SET AUTOCOMMIT = 0;
START TRANSACTION;
SET time_zone = "+00:00";


/*!40101 SET @OLD_CHARACTER_SET_CLIENT=@@CHARACTER_SET_CLIENT */;
/*!40101 SET @OLD_CHARACTER_SET_RESULTS=@@CHARACTER_SET_RESULTS */;
/*!40101 SET @OLD_COLLATION_CONNECTION=@@COLLATION_CONNECTION */;
/*!40101 SET NAMES utf8mb4 */;

--
-- Database: `turathexam`
--

-- --------------------------------------------------------

--
-- Table structure for table `answer`
--

DROP TABLE IF EXISTS `answer`;
CREATE TABLE IF NOT EXISTS `answer` (
  `ID` int(11) NOT NULL AUTO_INCREMENT,
  `User_ID` int(11) NOT NULL,
  `Question_ID` int(11) NOT NULL,
  `Answer` varchar(100) NOT NULL,
  `Time` datetime NOT NULL,
  PRIMARY KEY (`ID`)
) ENGINE=MyISAM AUTO_INCREMENT=121 DEFAULT CHARSET=utf8;

--
-- Dumping data for table `answer`
--

INSERT INTO `answer` (`ID`, `User_ID`, `Question_ID`, `Answer`, `Time`) VALUES
(1, 1, 91, 'صح', '2017-10-04 11:10:41'),
(2, 1, 92, 'خطأ', '2017-10-04 11:10:56'),
(3, 1, 93, 'خطأ', '2017-10-04 11:10:06'),
(4, 1, 94, 'خطأ', '2017-10-04 11:10:14'),
(5, 1, 95, 'خطأ', '2017-10-04 11:10:28'),
(6, 1, 96, 'صح', '2017-10-04 11:10:36'),
(7, 1, 97, 'خطأ', '2017-10-04 11:10:38'),
(8, 1, 98, 'صح', '2017-10-04 11:10:48'),
(9, 1, 99, 'صح', '2017-10-04 11:10:54'),
(10, 1, 100, 'صح', '2017-10-04 11:10:04'),
(11, 1, 101, 'خطأ', '2017-10-04 11:10:11'),
(12, 1, 103, 'صح', '2017-10-04 11:10:30'),
(13, 1, 104, 'صح', '2017-10-04 11:10:31'),
(14, 1, 105, 'صح', '2017-10-04 11:10:39'),
(15, 1, 106, 'خطأ', '2017-10-04 11:10:47'),
(16, 1, 107, 'عقلي', '2017-10-04 11:10:17'),
(17, 1, 108, 'التمثيل', '2017-10-04 11:10:21'),
(18, 1, 109, 'الفرض', '2017-10-04 11:10:26'),
(19, 1, 110, 'الرابع', '2017-10-04 11:10:36'),
(20, 1, 111, 'الأول', '2017-10-04 11:10:43'),
(21, 1, 112, 'استثنائي', '2017-10-04 11:10:48'),
(22, 3, 31, 'خطأ', '2017-10-04 11:10:49'),
(23, 3, 32, 'صح', '2017-10-04 11:10:59'),
(24, 1, 113, 'كل لا إنسان هو لا كاتب', '2017-10-04 11:10:04'),
(25, 1, 114, 'بعض الماء سائل', '2017-10-04 11:10:14'),
(26, 3, 33, 'خطأ', '2017-10-04 11:10:18'),
(27, 1, 115, 'اللزومية', '2017-10-04 11:10:22'),
(28, 1, 116, 'ذهنية', '2017-10-04 11:10:41'),
(29, 3, 34, 'خطأ', '2017-10-04 11:10:43'),
(30, 1, 117, 'طبيعية', '2017-10-04 11:10:46'),
(31, 3, 35, 'صح', '2017-10-04 11:10:48'),
(32, 3, 36, 'صح', '2017-10-04 11:10:53'),
(33, 3, 37, 'خطأ', '2017-10-04 11:10:58'),
(34, 1, 118, 'تعريف بالأخفى', '2017-10-04 11:10:58'),
(35, 1, 119, 'خاصة', '2017-10-04 11:10:03'),
(36, 3, 38, 'صح', '2017-10-04 11:10:05'),
(37, 1, 120, 'التباين', '2017-10-04 11:10:08'),
(38, 3, 39, 'خطأ', '2017-10-04 11:10:09'),
(39, 3, 40, 'خطأ', '2017-10-04 11:10:14'),
(40, 3, 41, 'صح', '2017-10-04 11:10:23'),
(41, 3, 42, 'خطأ', '2017-10-04 11:10:29'),
(42, 3, 43, 'صح', '2017-10-04 11:10:38'),
(43, 3, 44, 'صح', '2017-10-04 11:10:44'),
(44, 3, 45, 'خطأ', '2017-10-04 11:10:49'),
(45, 3, 46, 'خطأ', '2017-10-04 11:10:57'),
(46, 2, 90, 'العارض واللازم', '2017-10-04 11:10:13'),
(47, 2, 89, 'الالف واللام والراء', '2017-10-04 11:10:22'),
(48, 3, 47, 'واجبة', '2017-10-04 11:10:25'),
(49, 3, 48, 'أربعمائة صاع', '2017-10-04 11:10:28'),
(50, 2, 88, 'الراء', '2017-10-04 11:10:31'),
(51, 3, 49, 'ليس من المؤنة المستثناة', '2017-10-04 11:10:33'),
(52, 2, 87, 'الاستعلاء', '2017-10-04 11:10:34'),
(53, 3, 50, '15 سنة', '2017-10-04 11:10:37'),
(54, 2, 86, 'س . ص . ز', '2017-10-04 11:10:38'),
(55, 3, 51, 'يجوز', '2017-10-04 11:10:44'),
(56, 2, 85, 'الادغام والاظهار والاخفاء', '2017-10-04 11:10:45'),
(57, 2, 84, 'كلاهما', '2017-10-04 11:10:48'),
(58, 3, 52, 'يجوز', '2017-10-04 11:10:49'),
(59, 2, 83, 'المثقل والمخفف', '2017-10-04 11:10:54'),
(60, 3, 53, 'يسقط عنه القضاء وتتعين الفدية', '2017-10-04 11:10:57'),
(61, 2, 82, 'الحلق', '2017-10-04 11:10:57'),
(62, 3, 54, 'لايجوز', '2017-10-04 11:10:03'),
(63, 2, 81, 'النطعية', '2017-10-04 11:10:13'),
(64, 2, 80, '5 حركات', '2017-10-04 11:10:16'),
(65, 2, 79, 'قلقلة صغرى واخرى كبرى', '2017-10-04 11:10:20'),
(66, 2, 78, 'يومن', '2017-10-04 11:10:23'),
(67, 3, 55, 'يجب عليه القضاء', '2017-10-04 11:10:24'),
(68, 2, 77, 'الالف والواو والياء المفتوح ما قبلهن', '2017-10-04 11:10:29'),
(69, 3, 56, 'جاز له قطعها', '2017-10-04 11:10:35'),
(70, 3, 57, 'تشرع', '2017-10-04 11:10:39'),
(71, 2, 76, 'خطأ', '2017-10-04 11:10:42'),
(72, 3, 58, 'جاز ان يحاذي الامام', '2017-10-04 11:10:46'),
(73, 2, 75, 'صح', '2017-10-04 11:10:46'),
(74, 3, 59, 'صحت صلاته', '2017-10-04 11:10:51'),
(75, 2, 74, 'خطأ', '2017-10-04 11:10:18'),
(76, 3, 60, 'قصراً', '2017-10-04 11:10:58'),
(77, 2, 61, 'صح', '2017-10-04 11:10:02'),
(78, 2, 62, 'خطأ', '2017-10-04 11:10:04'),
(79, 2, 63, 'خطأ', '2017-10-04 11:10:07'),
(80, 2, 64, 'صح', '2017-10-04 11:10:15'),
(81, 2, 65, 'خطأ', '2017-10-04 11:10:21'),
(82, 2, 66, 'صح', '2017-10-04 11:10:40'),
(83, 2, 67, 'خطأ', '2017-10-04 11:10:46'),
(84, 2, 68, 'خطأ', '2017-10-04 11:10:49'),
(85, 2, 69, 'خطأ', '2017-10-04 11:10:59'),
(86, 2, 70, 'خطأ', '2017-10-04 11:10:01'),
(87, 2, 71, 'خطأ', '2017-10-04 11:10:04'),
(88, 2, 72, 'خطأ', '2017-10-04 11:10:07'),
(89, 2, 73, 'صح', '2017-10-04 11:10:12'),
(90, 1, 102, 'صح', '2017-10-04 11:10:13'),
(91, 4, 121, 'صح', '2017-10-04 11:10:56'),
(92, 4, 122, 'صح', '2017-10-04 11:10:14'),
(93, 4, 123, 'صح', '2017-10-04 11:10:16'),
(94, 4, 124, 'صح', '2017-10-04 11:10:19'),
(95, 4, 125, 'صح', '2017-10-04 11:10:20'),
(96, 4, 126, 'صح', '2017-10-04 11:10:22'),
(97, 4, 127, 'صح', '2017-10-04 11:10:24'),
(98, 4, 128, 'صح', '2017-10-04 11:10:27'),
(99, 4, 129, 'صح', '2017-10-04 11:10:29'),
(100, 4, 130, 'صح', '2017-10-04 11:10:31'),
(101, 4, 131, 'صح', '2017-10-04 11:10:34'),
(102, 4, 132, 'صح', '2017-10-04 11:10:35'),
(103, 4, 133, 'صح', '2017-10-04 11:10:37'),
(104, 4, 134, 'صح', '2017-10-04 11:10:40'),
(105, 4, 135, 'صح', '2017-10-04 11:10:43'),
(106, 4, 136, 'صح', '2017-10-04 11:10:45'),
(107, 4, 137, 'الرفع والجزم', '2017-10-04 11:10:50'),
(108, 4, 138, 'اربعة', '2017-10-04 11:10:52'),
(109, 4, 139, 'البناء على الفتح', '2017-10-04 11:10:55'),
(110, 4, 140, 'السكون', '2017-10-04 11:10:58'),
(111, 4, 141, 'تمنيّ', '2017-10-04 11:10:01'),
(112, 4, 142, 'حقيقي', '2017-10-04 11:10:02'),
(113, 4, 143, 'عطف النسق', '2017-10-04 11:10:05'),
(114, 4, 144, 'بل', '2017-10-04 11:10:07'),
(115, 4, 145, 'أخاك', '2017-10-04 11:10:10'),
(116, 4, 146, 'صفة الفاعل', '2017-10-04 11:10:12'),
(117, 4, 147, 'فاعل', '2017-10-04 11:10:15'),
(118, 4, 148, 'الكسرة', '2017-10-04 11:10:17'),
(119, 4, 149, 'مفعول له', '2017-10-04 11:10:19'),
(120, 4, 150, 'تام منقطع', '2017-10-04 11:10:22');

-- --------------------------------------------------------

--
-- Table structure for table `enrollment`
--

DROP TABLE IF EXISTS `enrollment`;
CREATE TABLE IF NOT EXISTS `enrollment` (
  `ID` int(11) NOT NULL AUTO_INCREMENT,
  `User_ID` int(11) NOT NULL,
  `Exam_ID` int(11) NOT NULL,
  `Mark` int(11) DEFAULT NULL,
  `Status` varchar(11) DEFAULT NULL,
  PRIMARY KEY (`ID`)
) ENGINE=MyISAM AUTO_INCREMENT=6 DEFAULT CHARSET=utf8;

--
-- Dumping data for table `enrollment`
--

INSERT INTO `enrollment` (`ID`, `User_ID`, `Exam_ID`, `Mark`, `Status`) VALUES
(1, 1, 4, 100, '1'),
(2, 2, 3, NULL, '0'),
(3, 3, 2, 92, '1'),
(4, 4, 5, 44, '1'),
(5, 1, 1, NULL, '0');

-- --------------------------------------------------------

--
-- Table structure for table `exam`
--

DROP TABLE IF EXISTS `exam`;
CREATE TABLE IF NOT EXISTS `exam` (
  `ID` int(11) NOT NULL AUTO_INCREMENT,
  `Name` varchar(250) NOT NULL,
  `Date` date NOT NULL,
  `CategoryOne` int(11) NOT NULL,
  `CategoryTwo` int(11) NOT NULL,
  `Status` int(11) NOT NULL,
  PRIMARY KEY (`ID`)
) ENGINE=MyISAM AUTO_INCREMENT=6 DEFAULT CHARSET=utf8;

--
-- Dumping data for table `exam`
--

INSERT INTO `exam` (`ID`, `Name`, `Date`, `CategoryOne`, `CategoryTwo`, `Status`) VALUES
(1, 'العقائد - عقائدنا', '2017-10-02', 13, 12, 1),
(2, 'الفقه - الوجيز', '2017-10-03', 13, 12, 1),
(3, 'قواعد التجويد', '2017-10-04', 13, 12, 1),
(4, 'خلاصة المنطق', '2017-10-05', 13, 12, 1),
(5, 'متن الآجرومية ودروس في النحو', '2017-10-06', 13, 12, 1);

-- --------------------------------------------------------

--
-- Table structure for table `question`
--

DROP TABLE IF EXISTS `question`;
CREATE TABLE IF NOT EXISTS `question` (
  `ID` int(11) NOT NULL AUTO_INCREMENT,
  `Title` varchar(500) NOT NULL,
  `Options` text NOT NULL,
  `CorrectAnswer` text NOT NULL,
  `Category` int(11) NOT NULL,
  `Exam_ID` int(11) NOT NULL,
  PRIMARY KEY (`ID`)
) ENGINE=MyISAM AUTO_INCREMENT=151 DEFAULT CHARSET=utf8;

--
-- Dumping data for table `question`
--

INSERT INTO `question` (`ID`, `Title`, `Options`, `CorrectAnswer`, `Category`, `Exam_ID`) VALUES
(1, 'البحث في العقيدة ضرورة لابد منها يستهدف معرفة مبدأ الانسانية ومصيرها.', '[\r\n\"صح\",\r\n\"خطأ\"\r\n]', 'صح', 1, 1),
(2, 'الاعتقاد من وظائف الروح ولا علاقة له بالعمل سواء كان موافقاً له او لا . ', '[\r\n\"صح\",\r\n\"خطأ\"\r\n]', 'خطأ', 1, 1),
(3, 'المعرفة هي مجموعة الاعتقادات الراسخة في القلب .', '[\r\n\"صح\",\r\n\"خطأ\"\r\n]', 'صح', 1, 1),
(4, 'دفع الخوف واجب شرعي.', '[\r\n\"صح\",\r\n\"خطأ\"\r\n]', 'خطأ', 1, 1),
(5, 'ليس كل العقلاء والاتجاهات يؤمنون بالقانون الأخلاقي القائل بوجوب شكر المنعم .', '[\r\n\"صح\",\r\n\"خطأ\"\r\n]', 'خطأ', 1, 1),
(6, 'عن ابي عبد الله (عليه السلام) قال:\" اياك وخصلتين ففيهما هلك من هلك , إياك ان تفتي الناس برأيك او تدين بما لا تعلم .', '[\r\n\"صح\",\r\n\"خطأ\"\r\n]', 'صح', 1, 1),
(7, 'الصفة هي الامارة اللازمة بذات الموصوف الذي يعرف بها.', '[\r\n\"صح\",\r\n\"خطأ\"\r\n]', 'صح', 1, 1),
(8, 'العالم هو المنكشفة له الاشياء بحيث تكون حاضرة عنده غير غائبة عنه. ', '[\r\n\"صح\",\r\n\"خطأ\"\r\n]', 'صح', 1, 1),
(9, 'أصول الدين كالنبوة والامامة والمعاد لا تتوقف على العدل الألهي .', '[\r\n\"صح\",\r\n\"خطأ\"\r\n]', 'خطأ', 1, 1),
(10, 'من شرائط التكليف قدرة المكلف على إنجاز التكليف .', '[\r\n\"صح\",\r\n\"خطأ\"\r\n]', 'صح', 1, 1),
(11, 'الجاهل القاصر عن تحصيل العلم  بالتكليف معذور عند الله تعالى. ', '[\r\n\"صح\",\r\n\"خطأ\"\r\n]', 'صح', 1, 1),
(12, 'نعتقد أنه تعالى لابد أن يكلف عباده ويسنَّ لهم الشرائع وما فيه صلاحهم وخيرهم. ', '[\r\n\"صح\",\r\n\"خطأ\"\r\n]', 'صح', 1, 1),
(13, 'انه تعالى لا  مصلحة له و لا منفعة في تكليفنا بالواجبات ونهينا عن فعل المحرمات .', '[\r\n\"صح\",\r\n\"خطأ\"\r\n]', 'صح', 1, 1),
(14, 'قال المجبرة أن الفاعل الحقيقي هو الله وانما تنسب الافعال الى البشر لأنهم محلها . ', '[\r\n\"صح\",\r\n\"خطأ\"\r\n]', 'صح', 1, 1),
(15, 'النبي هو الانسان المخبر عن الله تعالى بغير واسطة بشر .', '[\r\n\"صح\",\r\n\"خطأ\"\r\n]', 'صح', 1, 1),
(16, 'إمام هذا العصر هو الثاني عشر من أهل البيت (عليهم السلام) وهو الحجة المولود سنة 250 هـ.', '[\r\n\"صح\",\r\n\"خطأ\"\r\n]', 'خطأ', 1, 1),
(17, 'الايمان معرفة بالقلب وإقرار باللسان و', '[ \"عمل بالاركان\", \"عمل بالوجدان\", \"اعتقاد بلا عمل\" ]', 'عمل بالاركان', 2, 1),
(18, 'الذين يقولون بوجود إلهين أحدهما للخير وآخر للشر هم :', '[ \"الثنوية\", \"السفسطائية\", \"الفلاسفة\" ]', 'الثنوية', 2, 1),
(19, 'المعرفة دافعة', '[ \"للجهل\", \"للخوف\", \"للظلم\" ]', 'للخوف', 2, 1),
(20, 'ان ما في نظام الكون من دقّة وإبداع يكشف عن', '[ \"القدرة والسيطرة\", \"العلم والحكمة\", \"وحدة الخالق\" ]', 'العلم والحكمة', 2, 1),
(21, 'حياته تعالى عبارة عن صحة إتصافه', '[ \"بالحاكمية\", \"بالقدرة والعلم\", \"بالعالمية\" ]', 'بالقدرة والعلم', 2, 1),
(22, 'انه تعالى ليس بمحتاج لأن الاحتياج ', '[ \"يحتاج الى دليل\", \"نقص\", \"غنى\" ]', 'نقص', 2, 1),
(23, 'العدل من صفاته تعالى ', '[ \"الكمالية الثبوتية\", \"الذاتية\", \"السلبية\" ]', 'الكمالية الثبوتية', 2, 1),
(24, 'الجاهل قد يرتكب القبيح ويترك الحسن  ', '[ \"لعلمه\", \"لعدم علمه\" ]', 'لعدم علمه', 2, 1),
(25, 'انه تعالى مفيض الوجود ومعطيه لأنه ', '[ \"قيوم\", \"خالق\", \"قادر\" ]', 'قيوم', 2, 1),
(26, 'تقول المفوضة إنه تعالى فوّض الافعال الى ', '[ \"الملائكة\", \"المخلوقين\", \"إليه تعالى\" ]', 'المخلوقين', 2, 1),
(27, 'العصمة حالة نفسية مانعة من الارتكاب العمدي أو السهو للـ  ', '[ \"الكذب\", \"المعاصي\", \"النسيان\" ]', 'المعاصي', 2, 1),
(28, 'المعجزة هي الامر الخارق ....... المطابق للدعوى المقرون بالتحدي.', '[ \"للعقل\", \"للعادة\", \"للطبيعة\" ]', 'للعادة', 2, 1),
(29, 'تعيين الإمام يكون ', '[ \"بالنص الالهي\", \"بالوراثة\", \"باختيار الأمة\" ]', 'بالنص الالهي', 2, 1),
(30, 'إرادته تعالى لأفعال العباد هي أمرهم ........ المشتمل على المصلحة.', '[ \"بالفعل\", \"بالعلم\", \"بالتدبر\" ]', 'بالفعل', 2, 1),
(31, 'سن التكليف في الأنثى يبدأ من حين دخولها تسع سنوات هلالية.', '[\r\n\"صح\",\r\n\"خطأ\"\r\n]', 'خطأ', 1, 2),
(32, 'تثبت الأعلمية بشهادة الثقة من أهل الاختصاص أو بالعلم  و الاطمئان الحاصل من المناشيء المقبولة. ', '[\r\n\"صح\",\r\n\"خطأ\"\r\n]', 'صح', 1, 2),
(33, 'يجوز تقليد المجتهد الميت ابتداءً اذا كان أعلم من جميع المجتهدين الأحياء .', '[\r\n\"صح\",\r\n\"خطأ\"\r\n]', 'خطأ', 1, 2),
(34, 'لا تشترط المباشرة في الوضوء , فيجوز للشخص ان يستعين بغيره حتى مع عدم الاضطرار.', '[\r\n\"صح\",\r\n\"خطأ\"\r\n]', 'خطأ', 1, 2),
(35, 'يحرم على المجنب قراءة آية السجدة من سور العزائم الأربع.', '[\r\n\"صح\",\r\n\"خطأ\"\r\n]', 'صح', 1, 2),
(36, 'يعتبر في أقل الحيض الاستمرار في الأيام الثلاثة الأولى , وهكذا فيما يتوسطها من الليالي . ', '[\r\n\"صح\",\r\n\"خطأ\"\r\n]', 'صح', 1, 2),
(37, 'أقل النفاس ثلاثة أيام وأكثره عشرة أيام.', '[\r\n\"صح\",\r\n\"خطأ\"\r\n]', 'خطأ', 1, 2),
(38, 'الاستحاضة المتوسطة وهي أن تنغمس القطنة بالدم ولكنه لا يجاوزها إلى ماربطتها به. ', '[\r\n\"صح\",\r\n\"خطأ\"\r\n]', 'صح', 1, 2),
(39, 'غسل الجمعة لا يغني عن الوضوء.', '[\r\n\"صح\",\r\n\"خطأ\"\r\n]', 'خطأ', 1, 2),
(40, 'من صلّى مع التيمم لعذر ثم أرتفع عذره في الوقت أو في خارجه تجب عليه اعادة الصلاة. ', '[\r\n\"صح\",\r\n\"خطأ\"\r\n]', 'خطأ', 1, 2),
(41, 'اذا علم المصلي بنجاسة بدنه او لباسه فلم يهتم بها حتى نسيها ثم صلى فيها اعاد صلاته على الاحوط.', '[\r\n\"صح\",\r\n\"خطأ\"\r\n]', 'صح', 1, 2),
(42, 'من المبطلات للصلاة ان يزيد في صلاته او ينقص منها سهواً سواء أكان الزائد قولاً ام فعلاً.', '[\r\n\"صح\",\r\n\"خطأ\"\r\n]', 'خطأ', 1, 2),
(43, 'يثبت هلال شهر رمضان بالشياع والاشتهار عند الناس بحيث يحصل العلم او الاطمئنان بذلك.', '[\r\n\"صح\",\r\n\"خطأ\"\r\n]', 'صح', 1, 2),
(44, 'الفقراء والمساكين المقصود بهما من لايملك قوت سنته لنفسه ولعياله وليست له صنعة او حرفة مثلاً يتمكن بها من توفيره.', '[\r\n\"صح\",\r\n\"خطأ\"\r\n]', 'صح', 1, 2),
(45, 'مقدار زكاة الفطرة عن كل نفس ما يقارب أربع كيلوغرامات مما يكون غذاءً غالباً. ', '[\r\n\"صح\",\r\n\"خطأ\"\r\n]', 'خطأ', 1, 2),
(46, ' يشترط في ثبوت الخمس كون المالك بالغاً عاقلاً فلا يثبت الخمس في اموال الصبي والمجنون.', '[\r\n\"صح\",\r\n\"خطأ\"\r\n]', 'خطأ', 1, 2),
(47, 'إذا كان الشخص قادراً على تأمين نفقات الحج ولكنه كان في حال لا يمكنه معها فعل الحج لمرض أو أي عائق أخر فأن الاستنابة في الحج تكون', '[\r\n\"واجبة على الأحوط\",\r\n\"واجبة\",\r\n\"جائزة\"\r\n]', 'واجبة', 2, 2),
(48, 'النصاب الشرعي لوجوب الزكاة في الغلات الأربع هو ', '[\r\n\"أربعمائة صاع\",\r\n\"ثلاثمائة وخمسون صاعاً\",\r\n\"ثلاثمائة صاع\"\r\n]', 'ثلاثمائة صاع', 2, 2),
(53, 'شخص لم يصم بسبب المرض واستمر به الى شهر رمضان التالي فما حكمه', '[\r\n\"تجب عليه الفدية كما يجب علية القضاء بعد ذلك\",\r\n\"يسقط عنه القضاء وتتعين الفدية\",\r\n\"مخيرّ بين الفدية والقضاء\"\r\n]', 'يسقط عنه القضاء وتتعين الفدية', 2, 2),
(49, 'في الخمس تكون مؤنة رأس مال التجارة وسائر مستلزماتها من المؤنة ', '[\r\n\"المستثناة\",\r\n\"ليس من المؤنة المستثناة\"\r\n]', 'ليس من المؤنة المستثناة', 2, 2),
(50, 'سن التكليف في الذكر يبدأ من حين إكماله ....... هلالية .', '[\r\n\"14 سنة\",\r\n\"15 سنة\"\r\n]', '15 سنة', 2, 2),
(52, 'هل يجوز نقل زكاة الفطرة الى الحاكم الشرعي اذا كان في البلد من يستحقها ', '[\r\n\"يجوز\",\r\n\"لايجوز\",\r\n\"الاحوط تركه\"\r\n]', 'يجوز', 2, 2),
(51, 'هل يجوز السجود إختياراً على القرطاس المتخذ من الخشب ', '[\r\n\"يجوز\",\r\n\"لايجوز\",\r\n\"الاحوط تركه\"\r\n]', 'يجوز', 2, 2),
(54, ' شخص أراد السفر قبل الزوال فهل يجوز له أن يفطر في بلده ', '[\r\n\"يجوز\",\r\n\"لايجوز\",\r\n\"مخير\"\r\n]', 'لايجوز', 2, 2),
(55, 'اذا علم المكلف بالكسوف أو الخسوف ولم يصل عصياناً أو نسياناً حتى تم الانجلاء فما حكمه', '[\r\n\"يجب عليه القضاء\",\r\n\"لا يجب عليه القضاء\"\r\n]', 'لا يجب عليه القضاء', 2, 2),
(56, 'اذا شك المصلي في عدد ركعات الصلاة ', '[\r\n\"لايجوز على الاحوط\",\r\n\"جاز له قطعها\",\r\n\"لا يجوز له قطعها\"\r\n]', 'جاز له قطعها', 2, 2),
(57, 'هل تشرع الجماعة في نافلة الاستسقاء ', '[\r\n\"لا تشرع\",\r\n\"تشرع\",\r\n\"لا تشرع في النوافل مطلقاً\"\r\n]', 'تشرع', 2, 2),
(58, 'اذا كان المأموم رجلاً واحداً ', '[\r\n\"الاحوط وجوباً ان يتأخر عن الامام\",\r\n\"جاز ان يحاذي الامام\",\r\n\"يجب أن يحاذي الامام\"\r\n]', 'جاز ان يحاذي الامام', 2, 2),
(59, 'من أتم صلاته في موضع القصر جهلاً منه بأصل الحكم ', '[\r\n\"صحت صلاته\",\r\n\"بطلت صلاته\",\r\n\"يلزم اعادتها في الوقت دون خارجه\"\r\n]', 'صحت صلاته', 2, 2),
(60, 'من كان حاضراً اول الوقت ومسافراً آخره اذا فاتته الصلاة يقضيها ', '[\r\n\"تماماً\",\r\n\"الاحوط ان يجمع في القضاء\",\r\n\"قصراً\"\r\n]', 'قصراً', 2, 2),
(61, 'للنون الساكنة والتنوين مع حروف الهجاء حالات اربع هي الاظهار والادغام والاقلاب والاخفاء.', '[\r\n\"صح\",\r\n\"خطأ\"\r\n]', 'صح', 1, 3),
(62, 'لا فرق بين النون الساكنة والتنوين.', '[\r\n\"صح\",\r\n\"خطأ\"\r\n]', 'خطأ', 1, 3),
(63, 'يبدل التنوين الفاً اذا كان مضموماً .', '[\r\n\"صح\",\r\n\"خطأ\"\r\n]', 'خطأ', 1, 3),
(88, 'التكرار صفة خاصة بحرف ', '[\r\n\"اللام\",\r\n\"النون\",\r\n\"الراء\"\r\n]', 'الراء', 2, 3),
(64, ' يمتنع الادغام في قوله تعالى \"قنوان دانية\" .', '[\r\n\"صح\",\r\n\"خطأ\"\r\n]', 'صح', 1, 3),
(87, '(خص ضغط قط ) مجموعة حروف ', '[\r\n\"الاستفال\",\r\n\"الاطباق\",\r\n\"الاستعلاء\"\r\n]', 'الاستعلاء', 2, 3),
(65, ' سبب الادغام هو بعد المخارج .', '[\r\n\"صح\",\r\n\"خطأ\"\r\n]', 'خطأ', 1, 3),
(86, 'صفة الصفير خاصة بالحروف  ', '[\r\n\"س . ص . ز\",\r\n\"ض . ظ . ذ\",\r\n\"م . ب . ف\"\r\n]', 'س . ص . ز', 2, 3),
(66, 'سبب الاظهار قرب المخارج.', '[\r\n\"صح\",\r\n\"خطأ\"\r\n]', 'صح', 1, 3),
(85, 'احكام الميم الساكنة هي ', '[\r\n\"الادغام والاظهار\",\r\n\"الادغام والاظهار والاخفاء\",\r\n\"الادغام والاظهار والاخفاء والاقلاب\"\r\n]', 'الادغام والاظهار والاخفاء', 2, 3),
(67, 'الغنة صوت يخرج من الحلق.', '[\r\n\"صح\",\r\n\"خطأ\"\r\n]', 'خطأ', 1, 3),
(84, ' نوع المد في كلمة هؤلاء .', '[\r\n\r\n\"متصل\",\r\n\r\n\"منفصل\",\r\n\r\n\"كلاهما\"\r\n\r\n]', 'كلاهما', 2, 3),
(68, 'ينقسم الادغام الى قسمين .', '[\r\n\"صح\",\r\n\"خطأ\"\r\n]', 'خطأ', 1, 3),
(83, ' المد اللازم الكلي ينقسم الى :', '[\r\n\"المتصل والمنفصل\",\r\n\"الحرفي والبدل\",\r\n\"المثقل والمخفف\"\r\n]', 'المثقل والمخفف', 2, 3),
(69, 'عدد المخارج (9) .', '[\r\n\"صح\",\r\n\"خطأ\"\r\n]', 'خطأ', 1, 3),
(82, 'مخرج حرف الهاء هو ', '[\r\n\"الجوف\",\r\n\"الحلق\",\r\n\"القصبة الهوائية\"\r\n]', 'الحلق', 2, 3),
(70, 'عدد الصفات التي ليس لها ضد خمسة.', '[\r\n\"صح\",\r\n\"خطأ\"\r\n]', 'خطأ', 1, 3),
(71, 'ان العين والغين والقاف والكاف من اقوى الحروف في اللغة العربية .', '[\r\n\"صح\",\r\n\"خطأ\"\r\n]', 'خطأ', 1, 3),
(81, 'الطاء والدال والتاء تلّقب بالحروف    ', '[\r\n\"النطعية\",\r\n\"الاسلية\",\r\n\"اللثوية\"\r\n]', 'النطعية', 2, 3),
(72, '(فرّ من لب) مجموعة حروف الانفتاح .', '[\r\n\"صح\",\r\n\"خطأ\"\r\n]', 'خطأ', 1, 3),
(80, 'مقدار المد الواجب المتصل هو', '[\r\n\"6 حركات\",\r\n\"5 حركات\",\r\n\"4 حركات\"\r\n]', '5 حركات', 2, 3),
(73, ' الاف والواو والياء المدية تخرج من الجوف.', '[\r\n\"صح\",\r\n\"خطأ\"\r\n]', 'صح', 1, 3),
(74, 'اهل الشام واهل مصر ينطقون بالضاد ممزوجة بالظاء والطاء.', '[\r\n\"صح\",\r\n\"خطأ\"\r\n]', 'خطأ', 1, 3),
(79, 'تنقسم القلقلة الى  ', '[\r\n\"قلقلة صغرى واخرى كبرى\",\r\n\"صغرى متوسطة وكبرى\",\r\n\"متوسطة وكبرى\"\r\n]', 'قلقلة صغرى واخرى كبرى', 2, 3),
(75, 'اهل العراق ينطقون بالضاد رخوة شجريةِ .', '[\r\n\"صح\",\r\n\"خطأ\"\r\n]', 'صح', 1, 3),
(78, 'حروف الادغام بغنة هي', '[\r\n\"يرملون\",\r\n\"يومن\",\r\n\"قطب جد\"\r\n]', 'يومن', 2, 3),
(76, 'كلمة (سوء) فيها مد اصلي بسبب السكون.', '[\r\n\"صح\",\r\n\"خطأ\"\r\n]', 'خطأ', 1, 3),
(77, 'حروف مد اللين هي', '[\r\n\"الالف والواو والياء\",\r\n\"الالف والواو والياء المتحرك ما قبلهن بحركة مجانسة\",\r\n\"الالف والواو والياء المفتوح ما قبلهن\"\r\n]', 'الالف والواو والياء المفتوح ما قبلهن', 2, 3),
(89, 'ما يرقق دائما هي حروف الاستفال عدا ', '[\r\n\"اللام والنون والراء\",\r\n\"الالف واللام والراء\",\r\n\"السين والزاي والراء\"\r\n]', 'الالف واللام والراء', 2, 3),
(90, ' ينقسم المد بسبب السكون الى ', '[\r\n\"العارض واللازم\",\r\n\"صلة صغرى وصلة كبرى\",\r\n\"المتصل والمنفصل\"\r\n]', 'العارض واللازم', 2, 3),
(91, 'علم المنطق هو علم يبحث عن القواعد العامة للتفكير الصحيح.', '[ \"صح\", \"خطأ\" ]', 'صح', 1, 4),
(92, 'العلم هو إنطباع الشيء في الذهن.', '[ \"صح\", \"خطأ\" ]', 'خطأ', 1, 4),
(93, 'التصديق هو إدراك الشيء.', '[ \"صح\", \"خطأ\" ]', 'خطأ', 1, 4),
(94, 'دلالة لفظ ( آخ ) على التألم هي دلالة عقلية لفظية.', '[ \"صح\", \"خطأ\" ]', 'خطأ', 1, 4),
(95, 'العلم بأنّ ( مساوي المساوي مساوِ ) هو علم نظري.', '[ \"صح\", \"خطأ\" ]', 'خطأ', 1, 4),
(96, 'لفظا ( صلاة ) و ( مذياع ) من الالفاظ المنقولة.', '[ \"صح\", \"خطأ\" ]', 'صح', 1, 4),
(97, ' المفرد هو اللفظ الذي يدل جزؤه على جزء معناه.', '[ \"صح\", \"خطأ\" ]', 'خطأ', 1, 4),
(98, ' ( ليت خالداً ناجح ) هي جملة تامة إنشائية.', '[ \"صح\", \"خطأ\" ]', 'صح', 1, 4),
(99, ' الجزئي الاضافي هو المفهوم المندرج تحت مفهوم أوسع منه.', '[ \"صح\", \"خطأ\" ]', 'صح', 1, 4),
(100, '( الإنسان ) , ( الذهب ) , من المفاهيم الكلية المتواطئة.', '[ \"صح\", \"خطأ\" ]', 'صح', 1, 4),
(101, 'نسبة العموم والخصوص من وجه تقع بين الكليين اللذين ينطبق أحدهما على جميع مصاديق الآخر , وينطبق الآخر على بعض مصاديقه.', '[ \"صح\", \"خطأ\" ]', 'خطأ', 1, 4),
(102, ' الفصل هو الكلي المميز للنوع عن الانواع المشاركة له في الجنس.', '[ \"صح\", \"خطأ\" ]', 'صح', 1, 4),
(103, 'تعريف (الانسان بأنه حيوان ناطق) حدٌ تام.', '[ \"صح\", \"خطأ\" ]', 'صح', 1, 4),
(104, 'التناقض هو تلازم بين قضيتين يوجب صدق احداهما وكذب الاخرى.', '[ \"صح\", \"خطأ\" ]', 'صح', 1, 4),
(105, 'القضية ( العدد الصحيح امّا أن يكون زوجاً أو فرداً ) هي قضية حقيقية موجبة.', '[ \"صح\", \"خطأ\" ]', 'صح', 1, 4),
(106, 'القياس هو تطبيق القاعدة الكلية على جزئياتها لمعرفة حكم الكليات.', '[ \"صح\", \"خطأ\" ]', 'خطأ', 1, 4),
(107, 'تركيب العالم الهندسي للمربع من أربعة خطوط مستقيمة متساوية متعامدة هو تركيب ', '[\r\n\"مادي\",\r\n\"طبيعي\",\r\n\"عقلي\"\r\n]', 'عقلي', 2, 4),
(108, 'إثبات حكم جزئي لثبوته في جزئي آخر مشابه له هو ', '[\r\n\"الاستقراء\",\r\n\"التمثيل\",\r\n\"العكس المستوي\"\r\n]', 'التمثيل', 2, 4),
(109, 'الرأي الذي يضعه المستقريء عند ممارسته لعملية الاستقراء لتفسير أسباب الظاهرة المشاهدة  أو آثارها على سبيل التخمين والظن يسمّى مرحلة ', '[\r\n\"الملاحظة والتجربة\",\r\n\"الفرض\",\r\n\"القانون\"\r\n]', 'الفرض', 2, 4),
(110, 'الشكل ......... من أشكال القياس هو ما كان الأوسط فيه موضوعاً في الصغرى ومحمولاً في الكبرى.', '[\r\n\"الثاني\",\r\n\"الثالث\",\r\n\"الرابع\"\r\n]', 'الرابع', 2, 4),
(111, 'بعض المعدن حديد , وكل حديد يتمدد بالحرارة , بعض المعدن يتمدد بالحرارة .\r\nهو قياس من الشكل ', '[\r\n\"الثاني\",\r\n\"الأول\",\r\n\"الرابع\"\r\n]', 'الأول', 2, 4),
(112, ' إن كان محمد عالماً فواجب احترامه - لكنه عالم – فمحمد واجب احترامه.\r\n هو قياس', '[\r\n\"اقتراني شرطي\",\r\n\"اقتراني حملي\",\r\n\"استثنائي\"\r\n]', 'استثنائي', 2, 4),
(113, '( كل كاتب إنسان ) تنعكس بعكس النقيض الى :', '[\r\n\"كل لا إنسان هو لا كاتب\",\r\n\"كل إنسان هو لا كاتب\",\r\n\"كل لا إنسان هو كاتب\"\r\n]', 'كل لا إنسان هو لا كاتب', 2, 4),
(114, '( بعض السائل ماء ) تنعكس بالعكس المستوي الى : ', '[\r\n\"بعض الماء سائل\",\r\n\"ليس بعض الماء سائل\",\r\n\"لا شيء من الماء سائل\"\r\n]', 'بعض الماء سائل', 2, 4),
(115, 'القضية الشرطية المتصلة التي بين مقدمها وتاليها إتصال حقيقي هي القضية ', '[\r\n\"اللزومية\",\r\n\"الاتفاقية\"\r\n]', 'اللزومية', 2, 4),
(116, ' (شريك الباري مستحيل) هي قضية ', '[\r\n\"ذهنية\",\r\n\"خارجية\",\r\n\"حقيقية\"\r\n]', 'ذهنية', 2, 4),
(117, 'تقسيم الماء الى عنصري الاوكسجين والهيدروجين هي قسمة ', '[\r\n\"طبيعية\",\r\n\"ذهنية\",\r\n\"منطقية\"\r\n]', 'طبيعية', 2, 4),
(118, 'تعريف ( النور بأنه قوّة تشبه الوجود ) هو تعريف غير صحيح لأنه :', '[\r\n\"تعريف بالمساوي\",\r\n\"تعريف بالأخفى\",\r\n\"تعريف بما تتوقف معرفته على معرفة نفس المعّرف\"\r\n]', 'تعريف بالأخفى', 2, 4),
(119, '( الضاحك ) بالنسبة للإنسان هو ', '[\r\n\"عرض عام\",\r\n\"خاصة\",\r\n\"فصل\"\r\n]', 'خاصة', 2, 4),
(120, 'النسبة التي بين ( الحيوان و الجماد ) هي نسبة ', '[\r\n\"التساوي\",\r\n\"التباين\",\r\n\"العموم المطلق\"\r\n]', 'التباين', 2, 4),
(121, 'التنوين نون متحركة زائدة تلحق آخر الإسم لفظاً وتسقط خطا.', '[\r\n\"صح\",\r\n\"خطأ\"\r\n]', 'خطأ', 1, 5),
(122, 'الإسناد إلى الإسم هو أن تضيف اليه شيئاً ما , وتخبر بأن هذا له فتكون قد أسندت إليه . ', '[\r\n\"صح\",\r\n\"خطأ\"\r\n]', 'صح', 1, 5),
(123, 'الإعراب هو تغيير أول الكلمة بحسب العوامل الداخلة عليها لفظاً أو تقديراً . ', '[\r\n\"صح\",\r\n\"خطأ\"\r\n]', 'خطأ', 1, 5),
(124, '– تكون الواو  علامة للرفع في موضعين : الأول : الأسماء الستة , الثاني : جمع المذكر السالم .', '[\r\n\"صح\",\r\n\"خطأ\"\r\n]', 'صح', 1, 5),
(125, 'الاسم المقصور هو الاسم الذي آخر حرف منه ألف ليّنة قبلها فتحة ويرفع بالحركات المقدرة على آخره , منع من ظهورها التعذر .', '[\r\n\"صح\",\r\n\"خطأ\"\r\n]', 'صح', 1, 5),
(126, 'العلل التسع التي لأجلها يكون الاسم ممنوعاً من الصرف يجمعها البيت التالي :\r\nإجمع وزن عادلاً ذكّر بمعرفة     ركب وزد عجمة فالوصف قد كملا\r\n', '[\r\n\"صح\",\r\n\"خطأ\"\r\n]', 'خطأ', 1, 5),
(127, '– المفعول معه هو اسم ينصب بعد (الواو) دالة على المعية , ولم يقصد بها العطف بل يقصد بها أن ما بعدها مستقل .', '[\r\n\"صح\",\r\n\"خطأ\"\r\n]', 'خطأ', 1, 5),
(128, 'بدل الغلط هو إبدال الشيء بما هو مختص به . ', '[\r\n\"صح\",\r\n\"خطأ\"\r\n]', 'خطأ', 1, 5),
(129, 'عطف النسق هو المعطوف على ما قبله بواسطة حرف من حروف العطف .', '[\r\n\"صح\",\r\n\"خطأ\"\r\n]', 'صح', 1, 5),
(130, 'حكم أفعال القلوب أنها تدخل على المبتدأ والخبر فتنسخ حكمهما فتنصب الأول إسماً لها وترفع الثاني خبراً لها .', '[\r\n\"صح\",\r\n\"خطأ\"\r\n]', 'خطأ', 1, 5),
(131, '– ( لكن ) حرف تشبيه من الحروف المشبهة بالفعل تنصب الإسم  وترفع الخبر .', '[\r\n\"صح\",\r\n\"خطأ\"\r\n]', 'خطأ', 1, 5),
(132, 'الأصل في المبتدأ والخبر أن يكونا معرفة .', '[\r\n\"صح\",\r\n\"خطأ\"\r\n]', 'خطأ', 1, 5),
(133, '– الحال هو وصف نكرة  فضلة مبين لما أبهم من هيئات أو أحوال  صاحبه. ', '[\r\n\"صح\",\r\n\"خطأ\"\r\n]', 'صح', 1, 5),
(134, 'نائب الفاعل هو مفعول فيه  في الأصل أعطي احكام الفاعل من الرفع واللزوم.', '[\r\n\"صح\",\r\n\"خطأ\"\r\n]', 'خطأ', 1, 5),
(135, 'أسماء الإشارة غير منحصرة بألفاظ مخصوصة ومنها ( ذا ) و ( ذي )  و( ذان ) .', '[\r\n\"صح\",\r\n\"خطأ\"\r\n]', 'خطأ', 1, 5),
(136, '( جاء القوم كلهم أكتعون ).', '[\r\n\"صح\",\r\n\"خطأ\"\r\n]', 'خطأ', 1, 5),
(137, 'يشترك الاسم والفعل في نوعين من الاعراب هما', '[ \"الرفع والجزم\", \"الرفع والنصب\", \"النصب والجر\" ]', 'الرفع والنصب', 2, 5),
(138, 'تكون الضمة علامة للرفع في مواضع    ', '[ \"ثلاثة\", \"اربعة\", \"خمسة\" ]', 'اربعة', 2, 5),
(139, 'الفعل المضارع ( يسجن ) في قوله تعالى \" ليسجنن وليكونن من الصاغرين \" حكمه .', '[ \"الرفع بالضمة\", \"البناء على الفتح\", \"البناء على السكون\" ]', 'البناء على الفتح', 2, 5),
(140, 'اذا كان الفعل الماضي صحيح الآخر ولم يتصل به واو الجماعة ولا ضمير رفع متحرك فإنّه يبنى على', '[ \"الجزم\", \"السكون\", \"الفتح\" ]', 'الفتح', 2, 5),
(141, 'تعقيب الكلام بنفي ما يتوهم ثبوته أو إثبات ما يتوهم نفيه هو', '[ \"استدراك\", \"ترجيّ\", \"تمنيّ\" ]', 'استدراك', 2, 5),
(142, 'النعت الذي يرفع ضميراً مستتراً يعود الى المنعوت هو نعت ', '[ \"حقيقي\", \"سببي\" ]', 'حقيقي', 2, 5),
(143, 'التابع الجامد الموضح لمتبوعه في المعارف , المخصص له في النكرات هو ', '[ \"عطف النسق\", \"عطف البيان\" ]', 'عطف البيان', 2, 5),
(144, 'حرف العطف الذي يشترط ان يكون المعطوف به مفرداً لا جملة وأن لا يسبقه استفهام هو ', '[ \"أم\", \"بل\", \"أو\" ]', 'بل', 2, 5),
(145, '– رأيت زيداً ', '[ \"أخيك\", \"أخاك\", \"أخوك\" ]', 'أخاك', 2, 5),
(146, '– الحال في قولنا (جاء زيد راكباً) لبيان  ', '[ \"صفة الفاعل\", \"صفة المفعول به\", \"محتمل الأمرين\" ]', 'صفة الفاعل', 2, 5),
(147, 'التمييز في قوله تعالى \" وفجرنا الأرض عيوناً \" أصله قبل التحويل ', '[ \"فاعل\", \"مفعول به\", \"مبتدأ\" ]', 'مفعول به', 2, 5),
(148, 'في قولنا (استوى الماء والخشبة) الحركة الاعرابية لكلمة (الخشبة) هي  ', '[ \"الضمة\", \"الكسرة\", \"الفتحة\" ]', 'الفتحة', 2, 5),
(149, '– اعراب كلمة (حذر) في قوله تعالى \"يجعلون أصابعهم في آذانهم من الصواعق حذر الموت\" هو ', '[ \"مفعول به\", \"مفعول له\", \"مفعول فيه\" ]', 'مفعول له', 2, 5),
(150, 'الاستثناء في قولنا (جاء القوم إلاّ زيداً)  هو استثناء ', '[ \"تام متصل\", \"تام منقطع\", \"ناقص متصل\" ]', 'تام متصل', 2, 5);

-- --------------------------------------------------------

--
-- Table structure for table `user`
--

DROP TABLE IF EXISTS `user`;
CREATE TABLE IF NOT EXISTS `user` (
  `ID` int(11) NOT NULL AUTO_INCREMENT,
  `Name` varchar(50) NOT NULL,
  `Phone` varchar(50) NOT NULL,
  `Code` int(11) NOT NULL,
  `RegisterDate` date NOT NULL,
  `Session` varchar(255) DEFAULT NULL,
  PRIMARY KEY (`ID`),
  UNIQUE KEY `Session` (`Session`)
) ENGINE=MyISAM AUTO_INCREMENT=5 DEFAULT CHARSET=utf8;

--
-- Dumping data for table `user`
--

INSERT INTO `user` (`ID`, `Name`, `Phone`, `Code`, `RegisterDate`, `Session`) VALUES
(1, 'عمار سعد عباس', '07802659002', 51013, '2017-10-04', '8a7777f61cce9c17dc5dda2c2e65a48b'),
(2, 'حسن خضير عباس', '07802337720', 79104, '2017-10-04', '26c31c1a0bb7179815270eea2b4e718c'),
(3, 'حيدر عبدالله محمد', 'hayderakrawee@gmail.com', 97757, '2017-10-04', 'b72154d71b5ced504fc9e8bb47eb6800'),
(4, 'علي فارس عبد', '078099999999', 87728, '2017-10-04', '8b9256a2661e50137f1f1bf81df8454e');
COMMIT;

/*!40101 SET CHARACTER_SET_CLIENT=@OLD_CHARACTER_SET_CLIENT */;
/*!40101 SET CHARACTER_SET_RESULTS=@OLD_CHARACTER_SET_RESULTS */;
/*!40101 SET COLLATION_CONNECTION=@OLD_COLLATION_CONNECTION */;
